{
  "project_info": {
    "project_number": "807319901844",
    "firebase_url": "https://digitalplantation-27b4c.firebaseio.com",
    "project_id": "digitalplantation-27b4c",
    "storage_bucket": "digitalplantation-27b4c.appspot.com"
  },
  "client": [
    {
      "client_info": {
        "mobilesdk_app_id": "1:807319901844:android:75fbc0b8019594c2fc4681",
        "android_client_info": {
          "package_name": "com.multidextech.digitalplantation"
        }
      },
      "oauth_client": [
        {
          "client_id": "807319901844-3bttg8fp1gf5am5d5217mlp0j0h6338a.apps.googleusercontent.com",
          "client_type": 3
        }
      ],
      "api_key": [
        {
          "current_key": "AIzaSyBlxSY2EYmujc1JgDVo3v5ZdWx9x_w102U"
        }
      ],
      "services": {
        "appinvite_service": {
          "other_platform_oauth_client": [
            {
              "client_id": "807319901844-3bttg8fp1gf5am5d5217mlp0j0h6338a.apps.googleusercontent.com",
              "client_type": 3
            }
          ]
        }
      }
    }
  ],
  "configuration_version": "1"
}